Parameter,Value
MSE,0.9151193633952255
MAE,0.4482758620689655
R-SQUARED,0.45525251086856366
RMSE,0.9566187136969596
ACCURACY,71.88328912466844
