Parameter,Value
MSE,0.45663716814159294
MAE,0.2584070796460177
R-SQUARED,0.7108942702445409
RMSE,0.6757493382472475
ACCURACY,80.17699115044248
